"id";"email";"name";"password";"username"
1;"aiannitti7@is.gd";"Alexandra Iannitti";"TWP4hf5j";"aiannitti7"
2;"cjaulme9@bing.com";"Cahra Jaulme";"FnVklVgC6r6";"cjaulme9"
3;"cstartin3@flickr.com";"Clem Startin";"XYHzJ1S";"cstartin3"
4;"hguerre5@deviantart.com";"Harcourt Guerre";"OzcxzD1PGs";"hguerre5"
5;"hluckham0@google.ru";"Hazel Luckham";"X1uZcoIh0dj";"hluckham0"
6;"htaffley6@columbia.edu";"Holmes Taffley";"xowtOQ";"htaffley6"
7;"ljiroudek8@sitemeter.com";"Laryssa Jiroudek";"bXRoLUP";"ljiroudek8"
8;"qllorens2@howstuffworks.com";"Quillan Llorens";"W6rJuxd";"qllorens2"
10;"sbowden1@yellowbook.com";"Sonnie Bowden";"SJc4aWSU";"sbowden1"
11;"tattwool4@biglobe.ne.jp";"Thornie Attwool";"Hjt0SoVmuBz";"tattwool4"
14;"rachellelee@gmail.com";"Rachelle Lee";"mdrummo3";"mdrummo3"
15;"cocoac@gmail.com";"Cocoa Chanel";"cocoac1";"cocokee"
