email,name,password,id,username
aiannitti7@is.gd,"Alexandra Iannitti",TWP4hf5j,1,aiannitti7
cjaulme9@bing.com,"Cahra Jaulme",FnVklVgC6r6,2,cjaulme9
cocoac@gmail.com,"Cocoa Chanel",cocoac1,15,cocokee
cstartin3@flickr.com,"Clem Startin",XYHzJ1S,3,cstartin3
hguerre5@deviantart.com,"Harcourt Guerre",OzcxzD1PGs,4,hguerre5
hluckham0@google.ru,"Hazel Luckham",X1uZcoIh0dj,5,hluckham0
htaffley6@columbia.edu,"Holmes Taffley",xowtOQ,6,htaffley6
ljiroudek8@sitemeter.com,"Laryssa Jiroudek",bXRoLUP,7,ljiroudek8
qllorens2@howstuffworks.com,"Quillan Llorens",W6rJuxd,8,qllorens2
rachellelee@gmail.com,"Rachelle Lee",mdrummo3,14,mdrummo3
sbowden1@yellowbook.com,"Sonnie Bowden",SJc4aWSU,10,sbowden1
tattwool4@biglobe.ne.jp,"Thornie Attwool",Hjt0SoVmuBz,11,tattwool4
